{"cameraMode":{"drawMode":2,"name":"Shaded Wireframe","section":"Shading Mode"},"sceneLighting":true,"audioPlay":false,"sceneViewState":{"showFog":true,"showMaterialUpdate":false,"showSkybox":true,"showFlares":true,"showImageEffects":true,"showParticleSystems":true},"in2DMode":false,"pivot":{"x":100.0,"y":0.07999992370605469,"z":106.77999877929688},"rotation":{"x":0.25310614705085757,"y":-0.5434654355049133,"z":0.17618662118911744,"w":0.7807314991950989},"size":7.071069717407227,"orthographic":false}