{"cameraMode":{"drawMode":2,"name":"Shaded Wireframe","section":"Shading Mode"},"sceneLighting":true,"audioPlay":false,"sceneViewState":{"showFog":true,"showMaterialUpdate":false,"showSkybox":true,"showFlares":true,"showImageEffects":true,"showParticleSystems":true},"in2DMode":false,"pivot":{"x":-0.007698872592300177,"y":0.6595664024353027,"z":0.11071273684501648},"rotation":{"x":0.031168358400464059,"y":-0.1437637060880661,"z":-0.004524449352174997,"w":-0.9891219735145569},"size":0.6688380837440491,"orthographic":false}