{"cameraMode":{"drawMode":2,"name":"Shaded Wireframe","section":"Shading Mode"},"sceneLighting":false,"audioPlay":false,"sceneViewState":{"showFog":true,"showMaterialUpdate":false,"showSkybox":false,"showFlares":true,"showImageEffects":true,"showParticleSystems":true},"in2DMode":false,"pivot":{"x":0.08462604880332947,"y":-0.01883728802204132,"z":0.013709336519241333},"rotation":{"x":-0.02330475114285946,"y":-0.23850680887699128,"z":-0.005725320894271135,"w":0.9708446860313416},"size":0.14226436614990235,"orthographic":false}