{"cameraMode":{"drawMode":2,"name":"Shaded Wireframe","section":"Shading Mode"},"sceneLighting":true,"audioPlay":false,"sceneViewState":{"showFog":true,"showMaterialUpdate":false,"showSkybox":true,"showFlares":true,"showImageEffects":true,"showParticleSystems":true},"in2DMode":false,"pivot":{"x":-0.007698872592300177,"y":0.6595664024353027,"z":0.11071273684501648},"rotation":{"x":0.00444386713206768,"y":0.9955467581748962,"z":-0.06880196183919907,"w":0.06430190801620484},"size":0.6688380837440491,"orthographic":false}