{"cameraMode":{"drawMode":2,"name":"Shaded Wireframe","section":"Shading Mode"},"sceneLighting":true,"audioPlay":false,"sceneViewState":{"showFog":true,"showMaterialUpdate":false,"showSkybox":true,"showFlares":true,"showImageEffects":true,"showParticleSystems":true},"in2DMode":false,"pivot":{"x":-0.05018395185470581,"y":0.5228326916694641,"z":-0.08071017265319824},"rotation":{"x":0.01108420081436634,"y":-0.5707647800445557,"z":0.007705812342464924,"w":0.8210030794143677},"size":1.4767018556594849,"orthographic":false}