{"cameraMode":{"drawMode":2,"name":"Shaded Wireframe","section":"Shading Mode"},"sceneLighting":true,"audioPlay":false,"sceneViewState":{"showFog":true,"showMaterialUpdate":false,"showSkybox":true,"showFlares":true,"showImageEffects":true,"showParticleSystems":true},"in2DMode":false,"pivot":{"x":103.69000244140625,"y":-0.4999999403953552,"z":102.63999938964844},"rotation":{"x":-0.3846145272254944,"y":-0.3648192882537842,"z":0.16886301338672639,"w":-0.8309458494186401},"size":1.0307763814926148,"orthographic":false}