{"cameraMode":{"drawMode":2,"name":"Shaded Wireframe","section":"Shading Mode"},"sceneLighting":true,"audioPlay":false,"sceneViewState":{"showFog":true,"showMaterialUpdate":false,"showSkybox":true,"showFlares":true,"showImageEffects":true,"showParticleSystems":true},"in2DMode":false,"pivot":{"x":97.66999816894531,"y":0.12300008535385132,"z":100.14700317382813},"rotation":{"x":-0.3846145272254944,"y":-0.3648192882537842,"z":0.16886301338672639,"w":-0.8309458494186401},"size":0.7071080803871155,"orthographic":false}