{"cameraMode":{"drawMode":2,"name":"Shaded Wireframe","section":"Shading Mode"},"sceneLighting":true,"audioPlay":false,"sceneViewState":{"showFog":true,"showMaterialUpdate":false,"showSkybox":true,"showFlares":true,"showImageEffects":true,"showParticleSystems":true},"in2DMode":false,"pivot":{"x":99.3327407836914,"y":1.8326960802078248,"z":100.47838592529297},"rotation":{"x":0.02802577242255211,"y":-0.7969426512718201,"z":0.03708530217409134,"w":0.6022862792015076},"size":0.7295758128166199,"orthographic":false}