{"cameraMode":{"drawMode":2,"name":"Shaded Wireframe","section":"Shading Mode"},"sceneLighting":true,"audioPlay":false,"sceneViewState":{"showFog":true,"showMaterialUpdate":false,"showSkybox":true,"showFlares":true,"showImageEffects":true,"showParticleSystems":true},"in2DMode":false,"pivot":{"x":99.90986633300781,"y":0.22739818692207337,"z":100.01537322998047},"rotation":{"x":-0.09171628206968308,"y":0.7318941354751587,"z":-0.10052632540464401,"w":-0.6677151322364807},"size":0.3113483190536499,"orthographic":false}