{"cameraMode":{"drawMode":2,"name":"Shaded Wireframe","section":"Shading Mode"},"sceneLighting":true,"audioPlay":false,"sceneViewState":{"showFog":true,"showMaterialUpdate":false,"showSkybox":true,"showFlares":true,"showImageEffects":true,"showParticleSystems":true},"in2DMode":false,"pivot":{"x":-0.015347734093666077,"y":1.3190828561782838,"z":0.2213754653930664},"rotation":{"x":0.02973085083067417,"y":-0.4333783686161041,"z":0.014306713826954365,"w":0.9006081819534302},"size":0.8660253882408142,"orthographic":false}