{"cameraMode":{"drawMode":2,"name":"Shaded Wireframe","section":"Shading Mode"},"sceneLighting":true,"audioPlay":false,"sceneViewState":{"showFog":true,"showMaterialUpdate":false,"showSkybox":true,"showFlares":true,"showImageEffects":true,"showParticleSystems":true},"in2DMode":false,"pivot":{"x":99.83454895019531,"y":1.3853504657745362,"z":100.26810455322266},"rotation":{"x":0.12840065360069276,"y":0.161136656999588,"z":-0.02115476131439209,"w":0.9783279299736023},"size":0.04062793403863907,"orthographic":false}