{"cameraMode":{"drawMode":2,"name":"Shaded Wireframe","section":"Shading Mode"},"sceneLighting":true,"audioPlay":false,"sceneViewState":{"showFog":true,"showMaterialUpdate":false,"showSkybox":true,"showFlares":true,"showImageEffects":true,"showParticleSystems":true},"in2DMode":false,"pivot":{"x":99.46266174316406,"y":2.2350363731384279,"z":99.63734436035156},"rotation":{"x":-0.005533505231142044,"y":-0.6750080585479736,"z":-0.005062729585915804,"w":0.7377740740776062},"size":2.60172963142395,"orthographic":false}