{"cameraMode":{"drawMode":2,"name":"Shaded Wireframe","section":"Shading Mode"},"sceneLighting":true,"audioPlay":false,"sceneViewState":{"showFog":true,"showMaterialUpdate":false,"showSkybox":true,"showFlares":true,"showImageEffects":true,"showParticleSystems":true},"in2DMode":false,"pivot":{"x":98.73300170898438,"y":0.1235000491142273,"z":100.14669799804688},"rotation":{"x":-0.338443398475647,"y":0.37772947549819949,"z":-0.15064921975135804,"w":-0.8485815525054932},"size":2.2152791023254396,"orthographic":false}