{"cameraMode":{"drawMode":2,"name":"Shaded Wireframe","section":"Shading Mode"},"sceneLighting":true,"audioPlay":false,"sceneViewState":{"showFog":true,"showMaterialUpdate":false,"showSkybox":true,"showFlares":true,"showImageEffects":true,"showParticleSystems":true},"in2DMode":false,"pivot":{"x":99.8414535522461,"y":1.5693174600601197,"z":100.29014587402344},"rotation":{"x":0.03096570260822773,"y":0.9194126725196838,"z":0.07394187897443772,"w":-0.38504382967948916},"size":0.1607251912355423,"orthographic":true}