{"cameraMode":{"drawMode":2,"name":"Shaded Wireframe","section":"Shading Mode"},"sceneLighting":true,"audioPlay":false,"sceneViewState":{"showFog":true,"showMaterialUpdate":false,"showSkybox":true,"showFlares":true,"showImageEffects":true,"showParticleSystems":true},"in2DMode":false,"pivot":{"x":100.07353210449219,"y":1.56846284866333,"z":100.54505157470703},"rotation":{"x":-0.9703081846237183,"y":0.02395331859588623,"z":-0.2150779664516449,"w":-0.10807180404663086},"size":0.05612732470035553,"orthographic":true}