{"cameraMode":{"drawMode":2,"name":"Shaded Wireframe","section":"Shading Mode"},"sceneLighting":true,"audioPlay":false,"sceneViewState":{"showFog":true,"showMaterialUpdate":false,"showSkybox":true,"showFlares":true,"showImageEffects":true,"showParticleSystems":true},"in2DMode":false,"pivot":{"x":98.8359603881836,"y":-0.23457622528076173,"z":103.76966094970703},"rotation":{"x":-0.09780079126358032,"y":-0.32061901688575747,"z":0.033303484320640567,"w":-0.9415602684020996},"size":3.1510090827941896,"orthographic":false}