{"cameraMode":{"drawMode":2,"name":"Shaded Wireframe","section":"Shading Mode"},"sceneLighting":true,"audioPlay":false,"sceneViewState":{"showFog":true,"showMaterialUpdate":false,"showSkybox":true,"showFlares":true,"showImageEffects":true,"showParticleSystems":true},"in2DMode":false,"pivot":{"x":99.74095153808594,"y":-0.01155063509941101,"z":99.90866088867188},"rotation":{"x":0.40252217650413515,"y":0.33507367968559267,"z":-0.1612386405467987,"w":0.8364846110343933},"size":0.14142034947872163,"orthographic":false}