{"cameraMode":{"drawMode":2,"name":"Shaded Wireframe","section":"Shading Mode"},"sceneLighting":false,"audioPlay":false,"sceneViewState":{"showFog":true,"showMaterialUpdate":false,"showSkybox":false,"showFlares":true,"showImageEffects":true,"showParticleSystems":true},"in2DMode":false,"pivot":{"x":0.4221992790699005,"y":-0.03636415675282478,"z":-0.018634900450706483},"rotation":{"x":0.3077332675457001,"y":-0.16808940470218659,"z":0.055330540984869,"w":0.934873104095459},"size":0.09048302471637726,"orthographic":false}