{"cameraMode":{"drawMode":2,"name":"Shaded Wireframe","section":"Shading Mode"},"sceneLighting":false,"audioPlay":false,"sceneViewState":{"showFog":true,"showMaterialUpdate":false,"showSkybox":false,"showFlares":true,"showImageEffects":true,"showParticleSystems":true},"in2DMode":false,"pivot":{"x":0.009499996900558472,"y":-0.0011095553636550904,"z":-0.017706066370010377},"rotation":{"x":0.3077332675457001,"y":-0.16808940470218659,"z":0.055330540984869,"w":0.934873104095459},"size":0.09672818332910538,"orthographic":false}