{"cameraMode":{"drawMode":2,"name":"Shaded Wireframe","section":"Shading Mode"},"sceneLighting":true,"audioPlay":false,"sceneViewState":{"showFog":true,"showMaterialUpdate":false,"showSkybox":true,"showFlares":true,"showImageEffects":true,"showParticleSystems":true},"in2DMode":false,"pivot":{"x":101.81246948242188,"y":1.9180468320846558,"z":101.24683380126953},"rotation":{"x":-0.02330475114285946,"y":-0.23850680887699128,"z":-0.005725320894271135,"w":0.9708446860313416},"size":2.123236656188965,"orthographic":false}