{"cameraMode":{"drawMode":2,"name":"Shaded Wireframe","section":"Shading Mode"},"sceneLighting":false,"audioPlay":false,"sceneViewState":{"showFog":true,"showMaterialUpdate":false,"showSkybox":false,"showFlares":true,"showImageEffects":true,"showParticleSystems":true},"in2DMode":false,"pivot":{"x":0.1699712872505188,"y":8.806973457336426,"z":1.4720473289489747},"rotation":{"x":0.06291066855192185,"y":-0.038913093507289889,"z":0.0024547295179218055,"w":0.997260332107544},"size":1.1097006797790528,"orthographic":false}