{"cameraMode":{"drawMode":2,"name":"Shaded Wireframe","section":"Shading Mode"},"sceneLighting":true,"audioPlay":false,"sceneViewState":{"showFog":true,"showMaterialUpdate":false,"showSkybox":true,"showFlares":true,"showImageEffects":true,"showParticleSystems":true},"in2DMode":false,"pivot":{"x":-0.32638561725616457,"y":1.4513050317764283,"z":0.41660332679748537},"rotation":{"x":0.05173763260245323,"y":-0.36012768745422366,"z":0.020007722079753877,"w":0.93125319480896},"size":2.133908748626709,"orthographic":false}