{"cameraMode":{"drawMode":2,"name":"Shaded Wireframe","section":"Shading Mode"},"sceneLighting":true,"audioPlay":false,"sceneViewState":{"showFog":true,"showMaterialUpdate":false,"showSkybox":true,"showFlares":true,"showImageEffects":true,"showParticleSystems":true},"in2DMode":false,"pivot":{"x":99.51763916015625,"y":1.3865751028060914,"z":100.4195785522461},"rotation":{"x":0.00444386713206768,"y":0.9955467581748962,"z":-0.06880196183919907,"w":0.06430190801620484},"size":1.363683819770813,"orthographic":false}