{"cameraMode":{"drawMode":2,"name":"Shaded Wireframe","section":"Shading Mode"},"sceneLighting":true,"audioPlay":false,"sceneViewState":{"showFog":true,"showMaterialUpdate":false,"showSkybox":true,"showFlares":true,"showImageEffects":true,"showParticleSystems":true},"in2DMode":false,"pivot":{"x":99.0616683959961,"y":0.07678482681512833,"z":102.54876708984375},"rotation":{"x":-0.20000645518302918,"y":0.10295521467924118,"z":-0.021135440096259118,"w":-0.9741465449333191},"size":0.7071067690849304,"orthographic":false}