{"cameraMode":{"drawMode":2,"name":"Shaded Wireframe","section":"Shading Mode"},"sceneLighting":false,"audioPlay":false,"sceneViewState":{"showFog":true,"showMaterialUpdate":false,"showSkybox":false,"showFlares":true,"showImageEffects":true,"showParticleSystems":true},"in2DMode":false,"pivot":{"x":0.009499996900558472,"y":-0.0011095553636550904,"z":-0.017706066370010377},"rotation":{"x":0.21898294985294343,"y":-0.21598291397094727,"z":0.04977455735206604,"w":0.9502225518226624},"size":0.09672818332910538,"orthographic":false}