{"cameraMode":{"drawMode":2,"name":"Shaded Wireframe","section":"Shading Mode"},"sceneLighting":false,"audioPlay":false,"sceneViewState":{"showFog":true,"showMaterialUpdate":false,"showSkybox":false,"showFlares":true,"showImageEffects":true,"showParticleSystems":true},"in2DMode":false,"pivot":{"x":0.5018401145935059,"y":4.065751075744629,"z":0.2775712013244629},"rotation":{"x":0.0927591472864151,"y":-0.04777437821030617,"z":0.004456021822988987,"w":0.9945330619812012},"size":8.772978782653809,"orthographic":false}