{"cameraMode":{"drawMode":2,"name":"Shaded Wireframe","section":"Shading Mode"},"sceneLighting":true,"audioPlay":false,"sceneViewState":{"showFog":true,"showMaterialUpdate":false,"showSkybox":true,"showFlares":true,"showImageEffects":true,"showParticleSystems":true},"in2DMode":false,"pivot":{"x":-0.3772014379501343,"y":1.4678651094436646,"z":0.206415057182312},"rotation":{"x":0.015543683432042599,"y":-0.33532658219337466,"z":0.005533453542739153,"w":0.941958487033844},"size":0.4999333620071411,"orthographic":false}