{"cameraMode":{"drawMode":2,"name":"Shaded Wireframe","section":"Shading Mode"},"sceneLighting":true,"audioPlay":false,"sceneViewState":{"showFog":true,"showMaterialUpdate":false,"showSkybox":true,"showFlares":true,"showImageEffects":true,"showParticleSystems":true},"in2DMode":false,"pivot":{"x":99.68109130859375,"y":2.016007423400879,"z":98.9220199584961},"rotation":{"x":-0.005533505231142044,"y":-0.6750080585479736,"z":-0.005062729585915804,"w":0.7377740740776062},"size":4.133256912231445,"orthographic":false}