{"cameraMode":{"drawMode":2,"name":"Shaded Wireframe","section":"Shading Mode"},"sceneLighting":true,"audioPlay":false,"sceneViewState":{"showFog":true,"showMaterialUpdate":false,"showSkybox":true,"showFlares":true,"showImageEffects":true,"showParticleSystems":true},"in2DMode":false,"pivot":{"x":101.69024658203125,"y":1.8654121160507203,"z":101.39849853515625},"rotation":{"x":-0.3846145272254944,"y":-0.3648192882537842,"z":0.16886301338672639,"w":-0.8309458494186401},"size":1.0783034563064576,"orthographic":false}