{"cameraMode":{"drawMode":2,"name":"Shaded Wireframe","section":"Shading Mode"},"sceneLighting":false,"audioPlay":false,"sceneViewState":{"showFog":true,"showMaterialUpdate":false,"showSkybox":false,"showFlares":true,"showImageEffects":true,"showParticleSystems":true},"in2DMode":false,"pivot":{"x":0.009499996900558472,"y":-0.0011095553636550904,"z":-0.017706066370010377},"rotation":{"x":0.23464813828468324,"y":0.1552317887544632,"z":-0.03798740357160568,"w":0.958855390548706},"size":0.09672818332910538,"orthographic":false}