{"cameraMode":{"drawMode":2,"name":"Shaded Wireframe","section":"Shading Mode"},"sceneLighting":true,"audioPlay":false,"sceneViewState":{"showFog":true,"showMaterialUpdate":false,"showSkybox":true,"showFlares":true,"showImageEffects":true,"showParticleSystems":true},"in2DMode":false,"pivot":{"x":102.47144317626953,"y":5.3618855476379398,"z":108.05279541015625},"rotation":{"x":-0.09780079126358032,"y":-0.32061901688575747,"z":0.033303484320640567,"w":-0.9415602684020996},"size":14.348995208740235,"orthographic":false}