{"cameraMode":{"drawMode":2,"name":"Shaded Wireframe","section":"Shading Mode"},"sceneLighting":true,"audioPlay":false,"sceneViewState":{"showFog":true,"showMaterialUpdate":false,"showSkybox":true,"showFlares":true,"showImageEffects":true,"showParticleSystems":true},"in2DMode":false,"pivot":{"x":101.37361145019531,"y":37.08782958984375,"z":94.77943420410156},"rotation":{"x":0.022258341312408448,"y":-0.5656740069389343,"z":0.01527691911906004,"w":0.8241881728172302},"size":0.42522528767585757,"orthographic":false}