{"cameraMode":{"drawMode":2,"name":"Shaded Wireframe","section":"Shading Mode"},"sceneLighting":true,"audioPlay":false,"sceneViewState":{"showFog":true,"showMaterialUpdate":false,"showSkybox":true,"showFlares":true,"showImageEffects":true,"showParticleSystems":true},"in2DMode":false,"pivot":{"x":99.8575668334961,"y":1.5194218158721924,"z":100.29403686523438},"rotation":{"x":-0.07171738892793656,"y":-0.07802285999059677,"z":0.005627291277050972,"w":-0.9943532347679138},"size":0.11732605844736099,"orthographic":true}